size,lowbm,bm2,bm3,bm4,highbm
1,11.919931,9.6572714,8.8517752,8.2813864,9.1691484
2,7.972146,7.4824929,7.2210755,7.4361682,8.6750307
3,7.3548975,6.486218,6.466249,6.9365354,8.3751373
4,6.1968813,6.1040449,6.3010268,6.8217773,8.5627775
5,5.341898,5.256619,5.5798488,6.5332813,8.4575481
